UnityMillis	ArduinoMillis	EDA	IBI	Distance
1965	351574	7	7	5
1981	351584	148	146	145
1981	351594	80	79	78
1998	351604	23	22	22
1998	351614	16	15	14
2014	351624	0	0	0
2031	351634	6	6	6
2031	351644	0	0	0
2047	351654	5	5	6
2047	351664	0	0	0
2065	351674	6	7	6
2081	351684	0	0	0
2081	351694	6	6	6
2097	351704	0	0	0
2114	351714	6	6	6
2114	351724	0	0	0
2131	351734	8	7	8
2131	351744	0	0	0
2147	351754	7	6	6
2163	351764	0	0	0
2163	351774	5	5	5
2180	351784	0	0	0
2180	351794	7	6	6
2197	351804	0	0	0
2213	351814	6	6	6
2213	351824	0	0	0
2230	351834	7	7	7
2230	351844	0	0	0
2246	351854	6	6	6
2263	351864	0	0	0
2263	351874	6	6	6
2279	351884	0	0	0
2297	351894	6	6	6
2297	351904	0	0	0
2313	351915	6	5	5
2313	351925	0	0	0
2329	351935	5	5	5
2329	351945	0	0	0
2346	351955	4	3	3
2362	351965	0	0	0
2362	351975	5	4	4
2379	351985	0	0	0
2379	351995	4	4	3
2395	352005	0	0	0
2412	352015	4	4	4
2412	352025	0	0	0
2429	352035	3	3	2
2429	352045	0	0	0
2445	352055	5	5	4
2462	352065	0	0	0
2462	352075	4	4	3
2478	352086	0	0	0
2495	352096	2	1	1
2495	352106	0	0	0
2512	352116	0	0	0
2512	352126	0	0	0
2528	352136	3	2	2
2544	352146	0	0	0
2545	352156	1	0	0
2561	352166	0	0	0
2561	352176	4	4	3
2578	352186	0	0	0
2594	352196	0	0	0
2594	352206	0	0	0
2611	352216	2	2	1
2627	352226	0	0	0
2627	352236	0	0	0
2644	352246	0	0	0
2644	352256	3	2	2
2660	352266	0	0	0
2677	352276	0	0	0
2677	352286	0	0	0
2694	352296	0	0	0
2694	352306	0	0	0
2710	352316	1	0	0
2727	352326	0	0	0
2727	352336	0	0	0
2743	352346	0	0	0
2743	352356	0	0	0
2760	352366	0	0	0
2760	352376	0	0	0
2777	352386	0	0	0
2793	352396	0	0	0
2793	352406	0	0	0
2810	352416	0	0	0
2826	352427	0	0	0
2826	352437	0	0	0
2843	352447	0	0	0
2843	352457	0	0	0
2859	352467	0	0	0
2876	352477	0	0	0
2876	352487	0	0	0
2892	352497	0	0	0
2892	352507	0	0	0
2909	352517	0	0	0
2926	352527	0	0	0
2926	352537	0	0	0
2942	352547	0	0	0
2942	352557	0	0	0
2959	352567	0	0	0
2975	352577	0	0	0
2975	352587	0	0	0
2992	352598	0	0	0
3008	352608	0	0	0
3008	352618	0	0	0
3025	352628	1	1	1
3025	352638	0	0	0
3042	352648	0	0	0
3058	352658	0	0	0
3058	352668	0	0	0
3075	352678	0	0	0
3075	352688	0	0	0
3091	352698	0	0	0
3091	352708	0	0	0
3108	352718	0	0	0
3124	352728	0	0	0
3124	352738	0	0	0
3141	352748	0	0	0
3157	352758	0	0	0
3158	352768	0	0	0
3174	352778	0	0	0
3174	352788	1	1	1
3191	352798	0	0	0
3207	352808	1	0	1
3207	352818	0	0	0
3224	352828	0	0	0
3224	352838	0	0	0
3240	352848	0	0	0
3257	352858	0	0	0
3257	352868	0	0	0
3273	352878	0	0	0
3273	352888	0	0	0
3290	352898	0	0	0
3307	352908	0	0	0
3307	352918	0	0	0
3323	352928	0	0	0
3340	352939	0	0	0
3340	352949	1	2	2
3356	352959	0	0	0
3356	352969	3	3	4
3373	352979	0	0	0
3389	352989	0	1	0
3389	352999	0	0	0
3406	353009	4	5	4
3406	353019	0	0	0
3423	353029	1	1	1
3439	353039	0	0	0
3439	353049	2	2	3
3456	353059	0	0	0
3456	353069	1	1	1
3473	353079	0	0	0
3473	353089	2	2	3
3489	353099	0	0	0
3505	353110	5	5	6
3505	353120	0	0	0
3522	353130	4	4	4
3538	353140	0	0	0
3539	353150	6	6	6
3555	353160	0	0	0
3555	353170	5	5	5
3572	353180	0	0	0
3588	353190	6	6	5
3588	353200	0	0	0
3605	353210	4	5	6
3621	353220	0	0	0
3621	353230	4	4	5
3638	353240	0	0	0
3638	353250	4	4	4
3655	353260	0	0	0
3671	353270	5	6	5
3671	353280	0	0	0
3688	353290	4	4	3
3688	353300	0	0	0
3704	353310	4	5	6
3721	353320	0	0	0
3721	353330	4	4	4
3738	353340	0	0	0
3738	353350	5	5	5
3754	353360	0	0	0
3770	353370	5	5	5
3770	353380	0	0	0
3787	353390	5	5	5
3788	353400	0	0	0
3804	353410	4	4	5
3820	353420	0	0	0
3820	353430	5	5	6
3837	353440	0	0	0
3837	353451	6	6	6
3853	353461	0	0	0
3870	353471	6	7	7
3870	353481	0	0	0
3886	353491	6	6	7
3886	353501	0	0	0
3903	353511	6	6	7
3920	353521	0	0	0
3920	353531	7	6	6
3936	353541	0	0	0
3936	353551	6	6	6
3953	353561	0	0	0
3969	353571	6	6	6
3969	353581	0	0	0
3986	353591	7	7	7
4002	353601	0	0	0
4002	353611	6	6	6
4019	353622	0	0	0
4019	353632	6	6	6
4036	353642	0	0	0
4052	353652	6	5	5
4052	353662	0	0	0
4069	353672	7	7	7
4069	353682	0	0	0
4085	353692	6	6	6
4102	353702	0	0	0
4102	353712	6	5	6
4118	353722	0	0	0
4135	353732	6	6	6
4135	353742	0	0	0
4151	353752	6	6	6
4151	353762	0	0	0
4168	353772	6	6	6
4185	353782	0	0	0
4185	353792	7	6	6
4201	353802	0	0	0
4201	353812	6	6	6
4218	353822	0	0	0
4218	353832	6	6	6
4235	353842	0	0	0
4251	353852	5	5	5
4251	353862	0	0	0
4267	353872	6	6	6
4267	353882	0	0	0
4284	353892	5	5	5
4301	353902	0	0	0
4301	353912	4	5	5
4317	353922	0	0	0
4317	353932	6	6	5
4334	353942	0	0	0
4350	353952	5	4	4
4350	353963	0	0	0
4367	353973	6	6	6
4383	353983	0	0	0
4383	353993	4	4	3
4400	354003	0	0	0
4400	354013	5	5	5
4417	354023	0	0	0
4433	354033	4	4	4
4433	354043	0	0	0
4450	354053	6	6	6
4450	354063	0	0	0
4466	354073	5	5	4
4483	354083	0	0	0
4483	354093	5	6	5
4499	354103	0	0	0
4516	354113	5	5	5
4516	354123	0	0	0
4532	354134	4	4	4
4532	354144	0	0	0
4549	354154	2	1	1
4566	354164	0	0	0
4566	354174	0	0	0
4582	354184	0	0	0
4582	354194	1	0	0
4599	354204	0	0	0
4599	354214	0	0	0
4615	354224	0	0	0
4632	354234	3	3	2
4632	354244	0	0	0
4648	354254	1	0	0
4648	354264	0	0	0
4665	354274	1	1	0
4682	354284	0	0	0
4682	354294	0	0	0
4698	354304	0	0	0
4715	354314	2	1	1
4715	354324	0	0	0
4731	354334	0	0	0
4731	354344	0	0	0
4748	354354	3	2	2
4764	354364	0	0	0
4764	354374	1	0	0
4781	354384	0	0	0
4781	354394	4	4	3
4798	354404	0	0	0
4815	354414	0	0	0
4815	354424	0	0	0
4831	354434	3	2	1
4831	354444	0	0	0
4847	354454	0	0	0
4864	354464	0	0	0
4864	354475	0	0	0
4881	354485	0	0	0
4897	354495	0	0	0
4897	354505	0	0	0
4914	354515	0	0	0
4914	354525	0	0	0
4930	354535	0	0	0
4947	354545	0	0	0
4947	354555	0	0	0
4963	354565	0	0	0
4963	354575	0	0	0
4980	354585	0	0	0
4980	354595	0	0	0
4996	354605	0	0	0
5013	354615	0	0	0
5013	354625	0	0	0
5030	354635	0	0	0
5046	354646	0	0	0
5046	354656	0	0	0
5063	354666	0	0	0
5063	354676	0	0	0
5079	354686	1	1	1
5096	354696	0	0	0
5096	354706	0	0	0
5112	354716	0	0	0
5112	354726	0	0	0
5129	354736	0	0	0
5145	354746	0	0	0
5145	354756	0	0	0
5162	354766	0	0	0
5162	354776	0	0	0
5179	354786	0	0	0
5195	354796	0	0	0
5195	354806	0	0	0
5212	354816	0	0	0
5228	354826	0	0	0
5228	354836	0	0	0
5245	354846	0	0	0
5245	354856	0	0	0
5261	354866	0	0	0
5278	354876	0	0	0
5278	354886	0	0	0
5295	354896	0	0	0
5295	354906	0	0	0
5311	354916	0	0	0
5311	354926	0	0	0
5328	354936	0	0	0
5344	354946	0	0	0
5344	354956	0	0	0
5361	354966	0	0	0
5361	354976	0	0	0
5377	354987	1	1	1
5394	354997	0	0	0
5394	355007	2	2	3
5411	355017	0	0	0
5427	355027	2	2	3
5427	355037	0	0	0
5444	355047	1	1	1
5444	355057	0	0	0
5460	355067	2	2	3
5477	355077	0	0	0
5477	355087	0	0	0
5493	355097	0	0	0
5493	355107	1	2	2
5510	355117	0	0	0
5526	355127	0	0	1
5527	355137	0	0	0
5543	355147	1	2	3
5560	355158	0	0	0
5560	355168	3	3	4
5576	355178	0	0	0
5576	355188	4	4	4
5593	355198	0	0	0
5609	355208	1	2	3
5609	355218	0	0	0
5626	355228	5	6	6
5626	355238	0	0	0
5643	355248	2	2	2
5659	355258	0	0	0
5659	355268	3	4	4
5676	355278	0	0	0
5676	355288	4	4	4
5692	355298	0	0	0
5692	355308	4	4	5
5709	355318	0	0	0
5725	355328	3	4	4
5725	355338	0	0	0
5742	355348	4	4	4
5758	355358	0	0	0
5758	355368	6	6	5
5775	355378	0	0	0
5775	355388	4	4	5
5792	355398	0	0	0
5808	355408	5	5	5
5808	355418	0	0	0
5825	355428	4	5	5
5825	355438	0	0	0
5842	355448	5	5	5
5858	355458	0	0	0
5858	355468	4	3	4
5874	355478	0	0	0
5891	355488	5	5	5
5891	355499	0	0	0
5908	355509	5	6	6
5908	355519	0	0	0
5924	355529	6	7	7
5941	355539	0	0	0
5941	355549	4	5	5
5957	355559	0	0	0
5957	355569	6	6	6
5974	355579	0	0	0
5991	355589	5	6	6
5991	355599	0	0	0
6007	355609	5	5	4
6023	355619	0	0	0
6024	355629	5	5	6
6040	355639	0	0	0
6040	355649	6	6	5
6057	355659	0	0	0
6057	355670	6	6	6
6073	355680	0	0	0
6090	355690	6	6	5
6090	355700	0	0	0
6106	355710	7	6	6
6106	355720	0	0	0
6123	355730	5	5	5
6139	355740	0	0	0
6140	355750	6	5	5
6156	355760	0	0	0
6156	355770	6	6	7
6173	355780	0	0	0
6189	355790	5	5	4
6189	355800	0	0	0
6206	355810	7	7	7
6222	355820	0	0	0
6222	355830	5	5	5
6239	355840	0	0	0
6239	355850	6	6	6
6256	355860	0	0	0
6272	355870	5	6	5
6272	355880	0	0	0
6289	355890	6	6	6
6289	355900	0	0	0
6305	355910	6	6	6
6322	355920	0	0	0
6322	355930	6	5	6
6338	355940	0	0	0
6338	355950	6	5	5
6355	355960	0	0	0
6371	355970	6	6	6
6371	355980	0	0	0
6388	355990	6	7	7
6405	356000	0	0	0
6405	356011	6	5	6
6421	356021	0	0	0
6421	356031	5	5	5
6438	356041	0	0	0
6438	356051	4	5	5
6454	356061	0	0	0
6471	356071	5	4	5
6471	356081	0	0	0
6487	356091	4	4	4
6487	356101	0	0	0
6504	356111	5	5	5
6521	356121	0	0	0
6521	356131	4	4	5
6537	356141	0	0	0
6538	356151	6	5	6
6554	356161	0	0	0
6570	356171	4	3	3
6570	356182	0	0	1
6587	356192	6	5	5
6603	356202	0	0	0
6603	356212	4	3	3
6620	356222	0	0	0
6620	356232	4	3	3
6636	356242	0	0	0
6653	356252	3	3	2
6653	356262	0	0	0
6670	356272	5	5	5
6670	356282	0	0	0
6686	356292	4	3	3
6703	356302	0	0	0
6703	356312	5	4	5
6720	356322	0	0	0
6736	356332	3	2	2
6736	356342	0	0	0
6752	356352	5	4	4
6752	356362	0	0	0
6769	356372	4	4	4
6786	356382	0	0	0
6786	356392	1	0	0
6802	356402	0	0	0
6802	356412	4	3	3
6819	356422	0	0	0
6819	356432	2	1	1
6835	356442	0	0	0
6852	356452	3	2	2
6852	356462	0	0	0
6868	356472	0	0	0
6868	356482	0	0	0
6885	356492	2	1	1
6902	356502	0	0	0
6902	356512	1	0	0
6918	356523	0	0	0
6935	356533	0	0	0
6935	356543	0	0	0
6951	356553	7	6	5
6951	356563	0	0	0
6968	356573	0	0	0
6984	356583	0	0	0
6984	356593	0	0	0
7001	356603	0	0	0
7001	356613	0	0	0
7018	356623	0	0	0
7034	356633	0	0	0
7034	356643	0	0	0
7051	356653	1	0	0
7051	356663	0	0	0
7068	356673	0	0	0
7084	356683	0	0	0
7084	356694	0	0	0
7100	356704	0	0	0
7117	356714	0	0	0
7117	356724	0	0	0
7134	356734	0	0	0
7134	356744	0	0	0
7151	356754	0	0	0
7151	356764	0	0	0
7167	356774	0	0	0
7183	356784	0	0	0
7183	356794	0	0	0
7200	356804	0	0	0
7200	356814	0	0	0
7216	356824	0	0	0
7233	356834	0	0	0
7233	356844	0	0	0
7249	356854	0	0	0
7249	356864	0	0	0
7266	356874	0	0	0
7283	356884	0	0	0
7283	356894	0	0	0
7299	356904	0	0	0
7316	356914	0	0	0
7316	356924	0	0	0
7333	356934	0	0	0
7333	356944	0	0	0
7349	356954	0	0	0
7366	356964	0	0	0
7366	356974	0	0	0
7382	356984	0	0	0
7382	356994	0	0	0
7399	357004	0	0	0
7415	357014	0	0	0
7415	357024	0	0	0
7432	357035	0	0	0
7448	357045	0	0	0
7448	357055	0	0	0
7465	357065	0	1	0
7465	357075	0	0	0
7482	357085	0	0	0
7498	357095	0	0	0
7498	357105	0	0	1
7515	357115	0	0	0
7515	357125	0	0	0
7531	357135	0	0	0
7531	357145	0	1	1
7548	357155	0	0	0
7564	357165	0	0	0
7564	357175	0	0	0
7581	357185	0	0	0
7581	357195	0	0	0
7597	357206	2	2	2
7614	357216	0	0	0
7614	357226	3	4	3
7630	357236	0	0	0
7647	357246	3	3	4
7647	357256	0	0	0
7664	357266	3	3	3
7664	357276	0	0	0
7680	357286	3	4	4
7697	357296	0	0	0
7697	357306	2	2	2
7713	357316	0	0	0
7730	357326	4	4	5
7730	357336	0	0	0
7746	357346	2	2	2
7746	357356	0	0	0
7763	357366	4	4	5
7780	357376	0	0	0
7780	357386	3	2	3
7796	357396	0	0	0
7796	357406	4	4	4
7813	357416	0	0	0
7829	357426	2	2	3
7829	357436	0	0	0
7846	357446	4	3	3
7846	357456	0	0	0
7862	357466	2	2	3
7879	357476	0	0	0
7879	357486	3	3	4
7896	357496	0	0	0
7896	357506	2	3	4
7912	357516	0	0	0
7912	357526	4	4	4
7929	357536	0	0	0
7945	357547	5	6	5
7945	357557	0	0	0
7962	357567	4	4	5
7978	357577	0	0	0
7978	357587	6	5	7
7995	357597	0	0	0
7995	357607	5	5	6
8011	357617	0	0	0
8028	357627	5	6	6
8028	357637	0	0	0
8045	357647	5	5	6
8045	357657	0	0	0
8062	357667	6	6	6
8078	357677	0	0	0
8078	357687	5	5	6
8094	357697	0	0	0
8111	357707	6	7	7
8111	357718	0	0	0
8127	357728	7	6	6
8127	357738	0	0	0
8144	357748	7	6	7
8161	357758	0	0	0
8161	357768	6	6	5
8177	357778	0	0	0
8177	357788	7	7	7
8194	357798	0	0	0
8210	357808	6	6	6
8210	357818	0	0	0
8228	357828	7	7	7
8228	357838	0	0	0
8243	357848	7	7	7
8260	357858	0	0	0
8260	357868	6	6	6
8277	357878	0	0	0
8277	357888	6	6	6
8293	357898	0	0	0
8310	357908	7	7	7
8310	357918	0	0	0
8326	357928	6	6	6
8326	357938	0	0	0
8343	357948	7	6	7
8360	357958	0	0	0
8360	357968	6	6	6
8376	357978	0	0	0
8376	357988	7	6	7
8393	357998	0	0	0
8409	358008	6	7	7
8409	358018	0	0	0
8426	358028	7	7	7
8426	358038	0	0	0
8442	358048	6	6	6
8459	358059	0	0	0
8459	358069	7	7	7
8476	358079	0	0	0
8492	358089	6	5	5
8492	358099	0	0	0
8508	358109	5	5	4
8508	358119	0	0	0
8525	358129	6	5	6
8542	358139	0	0	0
8542	358149	7	6	6
8558	358159	0	0	0
8558	358169	6	6	6
8575	358179	0	0	0
8591	358189	6	5	6
8591	358199	0	0	0
8608	358209	7	7	7
8608	358219	0	0	0
8624	358230	5	4	5
8641	358240	0	0	0
8641	358250	4	4	4
8658	358260	0	0	0
8658	358270	6	5	5
8674	358280	0	0	0
8691	358290	6	6	6
8691	358300	0	0	0
8707	358310	5	4	4
8707	358320	0	0	0
8724	358330	5	5	5
8741	358340	0	0	0
8741	358350	4	4	4
8757	358360	0	0	0
8757	358370	5	5	5
8774	358380	0	0	0
8790	358390	4	4	3
8790	358400	0	0	0
8807	358410	5	5	5
8823	358420	0	0	0
8823	358430	4	4	4
8840	358440	0	0	0
8840	358450	6	5	5
8856	358460	0	0	0
8873	358470	5	6	5
8873	358480	0	0	0
8890	358490	5	4	4
8890	358500	0	0	0
8906	358510	5	5	5
8923	358520	0	0	0
8923	358530	5	5	5
8940	358540	1	1	0
8940	358550	4	4	5
8956	358560	0	0	0
8973	358571	4	3	3
8973	358581	0	0	0
8989	358591	1	0	0
9006	358601	0	0	0
9006	358611	0	0	0
9023	358621	0	0	0
9023	358631	1	0	0
9039	358641	0	0	0
9039	358651	0	0	0
9055	358661	0	0	0
9072	358671	2	2	1
9072	358681	0	0	0
9088	358691	1	0	0
9088	358701	0	0	0
9105	358711	2	1	1
9121	358721	0	0	0
9121	358731	0	0	0
9138	358742	0	0	0
9155	358752	0	0	0
9155	358762	0	0	0
9172	358772	0	0	0
9172	358782	0	0	0
9188	358792	0	0	0
9204	358802	0	0	0
9204	358812	0	0	0
9221	358822	0	0	0
9221	358832	0	0	0
9237	358842	0	0	0
9254	358852	0	0	0
9254	358862	0	0	0
9271	358872	1	0	0
9271	358882	0	0	0
9287	358892	0	0	0
9304	358902	0	0	0
9304	358912	0	0	0
9320	358922	0	0	0
9337	358932	0	0	0
9337	358942	0	0	0
9354	358952	0	0	0
9354	358962	0	0	0
9370	358972	0	0	0
9370	358982	0	0	0
9387	358992	0	0	0
9403	359002	0	0	0
9403	359012	0	0	0
9420	359022	0	0	0
9420	359032	0	0	0
9436	359042	0	0	0
9453	359052	0	0	0
9453	359062	0	0	0
9469	359072	0	0	0
9486	359083	0	0	0
9486	359093	0	0	0
9502	359103	0	0	0
9503	359113	0	0	0
9519	359123	0	0	0
9536	359133	0	0	0
9536	359143	0	0	0
9552	359153	0	0	0
9552	359163	0	0	0
9569	359173	0	0	0
9585	359183	0	0	0
9585	359193	0	0	0
9602	359203	1	0	1
9602	359213	0	0	0
9619	359223	0	0	0
9635	359233	0	0	0
9635	359243	0	0	0
9652	359254	0	0	0
9668	359264	0	1	1
9668	359274	0	0	0
9685	359284	0	2	1
9685	359294	0	0	0
9701	359304	0	1	1
9718	359314	0	0	0
9718	359324	2	1	2
9734	359334	0	0	0
9734	359344	0	1	0
9751	359354	0	0	0
9751	359364	1	1	2
9768	359374	0	0	0
9784	359384	0	0	0
9784	359394	0	0	0
9801	359404	2	1	2
9817	359414	0	0	0
9817	359424	0	0	0
9834	359434	0	0	0
9834	359444	2	1	2
9851	359454	0	0	0
9867	359464	1	2	2
9867	359474	0	0	0
9884	359484	1	2	2
9884	359494	0	0	0
9900	359504	3	3	3
9917	359514	0	0	0
9917	359524	0	0	1
9933	359534	0	0	0
9933	359544	3	3	3
9950	359554	0	0	0
9966	359564	1	1	2
9966	359574	0	0	0
9983	359584	2	2	2
9999	359595	0	0	0
9999	359605	3	3	3
10016	359615	0	0	0
10016	359625	5	4	5
10033	359635	0	0	0
10049	359645	3	3	4
10049	359655	0	0	0
10066	359665	3	4	3
10066	359675	0	0	0
10082	359685	3	4	5
10099	359695	0	0	0
10099	359705	4	5	5
10116	359715	0	0	0
10116	359725	3	3	3
10132	359735	0	0	0
10132	359745	4	4	5
10149	359755	0	0	0
10165	359766	5	6	6
10165	359776	0	0	0
10182	359786	6	6	6
10198	359796	0	0	0
10198	359806	6	6	6
10215	359816	0	0	0
10215	359826	6	6	6
10232	359836	0	0	0
10248	359846	7	7	7
10248	359856	0	0	0
10265	359866	7	7	7
10265	359876	0	0	0
10281	359886	6	6	7
10298	359896	0	0	0
10298	359906	6	6	6
10314	359916	0	0	0
10331	359926	7	7	7
10331	359936	0	0	0
10347	359946	6	6	5
10347	359956	0	0	0
10364	359966	7	7	7
10381	359976	0	0	0
10381	359986	5	5	5
10397	359996	0	0	0
10397	360006	6	6	6
10414	360016	0	0	0
10431	360026	6	6	6
10431	360036	0	0	0
10447	360046	6	6	6
10447	360056	0	0	0
10463	360066	6	5	6
10480	360076	0	0	0
10480	360086	6	6	6
10496	360096	0	0	0
10496	360107	6	6	6
10513	360117	0	0	0
10530	360127	6	6	6
10530	360137	0	0	0
10546	360147	5	6	5
10546	360157	0	0	0
10563	360167	6	6	6
10579	360177	0	0	0
10579	360187	6	6	6
10596	360197	0	0	0
10596	360207	7	7	6
10613	360217	0	0	0
10629	360227	5	6	6
10629	360237	0	0	0
10646	360247	7	6	6
10646	360257	0	0	0
10663	360267	6	5	5
10679	360278	0	0	0
10679	360288	5	6	5
10696	360298	0	0	0
10712	360308	5	4	5
10712	360318	0	0	0
10728	360328	5	5	4
10728	360338	0	0	0
10745	360348	6	5	5
10762	360358	0	0	0
10762	360368	5	4	5
10778	360378	0	0	0
10778	360388	5	6	5
10795	360398	0	0	0
10811	360408	6	5	5
10811	360418	0	0	0
10828	360428	5	6	6
10844	360438	0	0	0
10844	360448	5	6	6
10844	360458	0	0	0
10861	360468	5	5	6
10878	360478	0	0	0
10878	360488	6	5	5
10894	360498	0	0	0
10911	360508	6	6	5
10911	360518	0	0	0
10927	360528	5	5	5
10927	360538	0	0	0
10944	360548	6	6	6
10960	360558	0	0	0
10960	360568	4	4	3
10977	360578	0	0	0
10977	360588	6	5	5
10993	360598	0	0	0
11010	360608	6	6	6
11010	360619	0	0	0
11027	360629	5	4	5
11043	360639	0	0	0
11043	360649	4	4	4
11060	360659	0	0	0
11060	360669	5	4	5
11076	360679	0	0	0
11093	360689	4	4	3
11093	360699	0	0	0
11109	360709	4	4	4
11109	360719	0	0	0
11126	360729	4	3	3
11143	360739	0	0	0
11143	360749	5	5	5
11159	360759	0	0	0
11159	360769	3	2	2
11176	360779	0	0	0
11192	360790	2	2	2
11192	360800	0	0	0
11209	360810	0	0	0
11209	360820	0	0	0
11225	360830	0	0	0
11242	360840	0	0	0
11242	360850	0	0	0
11259	360860	0	0	0
11259	360870	0	0	0
11275	360880	0	0	0
11292	360890	1	0	0
11292	360900	0	0	0
11309	360910	1	0	0
11309	360920	0	0	0
11325	360930	0	0	0
11342	360940	0	0	0
11342	360950	0	0	0
11358	360960	0	0	0
11375	360970	1	0	0
11375	360980	0	0	0
11392	360990	0	0	0
11392	361000	0	0	0
11408	361010	1	1	1
11424	361020	0	0	0
11424	361030	0	0	0
11441	361040	0	0	0
11441	361050	0	0	0
11457	361060	0	0	0
11474	361070	0	0	0
11474	361080	0	0	0
11491	361090	1	0	0
11491	361100	0	0	0
11508	361110	0	0	0
11508	361120	0	0	0
11524	361131	0	0	0
11540	361141	0	0	0
11557	361151	0	0	0
11557	361161	0	0	0
11573	361171	0	0	0
11573	361181	0	0	0
11590	361191	0	0	0
11590	361201	0	0	0
11606	361211	0	0	0
11623	361221	0	0	0
11623	361231	0	0	0
11640	361241	0	0	0
11640	361251	0	0	0
11656	361261	0	0	0
11673	361271	0	0	0
11673	361281	0	0	0
11689	361291	0	0	0
11689	361302	0	0	0
11706	361312	0	0	0
11723	361322	1	1	1
11723	361332	0	0	0
11739	361342	0	1	1
11756	361352	0	0	0
11756	361362	0	0	0
11772	361372	0	0	0
11772	361382	1	1	1
11789	361392	0	0	0
11805	361402	0	0	0
11805	361412	0	0	0
11822	361422	0	0	1
11822	361432	0	0	0
11838	361442	0	0	0
11855	361452	0	0	0
11855	361462	0	1	1
11872	361472	0	0	0
11888	361482	0	0	0
11888	361492	0	0	0
11905	361502	1	0	1
11905	361512	0	0	0
11921	361522	0	0	0
11938	361532	0	0	0
11938	361542	0	0	0
11954	361552	0	0	0
11954	361562	0	0	0
11971	361572	0	0	0
11971	361582	1	1	1
11988	361592	0	0	0
12004	361602	0	0	0
12004	361612	0	0	0
12021	361622	0	0	0
12021	361632	0	0	0
12037	361643	2	2	1
12054	361653	0	0	0
12054	361663	2	2	3
12070	361673	0	0	0
12087	361683	4	5	5
12087	361693	0	0	0
12103	361703	3	4	4
12103	361713	0	0	0
12120	361723	4	4	4
12137	361733	0	0	0
12137	361743	3	3	3
12153	361753	0	0	0
12153	361763	3	4	5
12170	361773	0	0	0
12187	361783	2	2	3
12187	361793	0	0	0
12203	361803	4	4	4
12219	361814	0	0	0
12219	361824	4	4	4
12236	361834	0	0	0
12236	361844	5	6	5
12253	361854	0	0	0
12269	361864	3	4	4
12269	361874	0	0	0
12286	361884	4	4	4
12286	361894	0	0	0
12303	361904	4	4	4
12303	361914	0	0	0
12319	361924	4	5	5
12335	361934	0	0	0
12335	361944	4	4	4
12352	361954	0	0	0
12352	361964	5	5	5
12369	361974	0	0	0
12385	361984	4	4	4
12385	361994	0	0	0
12402	362004	5	5	5
12418	362014	0	0	0
12418	362024	5	4	5
12435	362034	0	0	0
12435	362044	4	4	4
12451	362054	0	0	0
12468	362064	5	5	6
12468	362074	0	0	0
12485	362084	5	6	6
12485	362094	0	0	0
12501	362104	6	5	6
12518	362114	0	0	0
12518	362124	4	4	5
12534	362134	0	0	0
12534	362144	6	6	6
12551	362155	0	0	0
12567	362165	7	7	7
12567	362175	0	0	0
12584	362185	7	7	7
12601	362195	0	0	0
12601	362205	5	5	6
12617	362215	0	0	0
12617	362225	7	7	7
12634	362235	0	0	0
12651	362245	6	6	6
12651	362255	0	0	0
12667	362265	6	7	7
12667	362275	0	0	0
12683	362285	6	6	6
12700	362295	0	0	0
12700	362305	6	5	6
12717	362315	0	0	0
12717	362326	5	5	5
12733	362336	0	0	0
12750	362346	5	5	5
12750	362356	0	0	0
12766	362366	7	6	6
12766	362376	0	0	0
12783	362386	6	5	7
12799	362396	0	0	0
12799	362406	5	5	5
12816	362416	0	0	0
12816	362426	6	6	5
12832	362436	0	0	0
12849	362446	6	6	6
12849	362456	0	0	0
12866	362466	7	6	6
12866	362476	0	0	0
12882	362486	6	5	5
12899	362496	0	0	0
12899	362506	6	6	6
12916	362516	0	0	0
12932	362526	5	5	5
12932	362536	0	0	0
12948	362546	5	6	5
12948	362556	0	0	0
12965	362566	6	5	5
12982	362576	0	0	0
12982	362586	7	6	6
12998	362596	0	0	0
12998	362606	6	6	5
13015	362616	0	0	0
13031	362626	6	6	5
13031	362636	0	0	0
13048	362646	5	4	4
13048	362656	0	0	0
13064	362667	5	4	4
13064	362677	0	0	0
13081	362687	5	5	4
13098	362697	0	0	0
13098	362707	4	3	4
13114	362717	0	0	0
13131	362727	4	4	4
13131	362737	0	0	0
13147	362747	5	5	5
13147	362757	0	0	0
13164	362767	4	4	4
13180	362777	0	0	0
13180	362787	4	4	3
13197	362797	0	0	0
13197	362807	5	5	5
13213	362817	0	0	0
13230	362827	4	4	4
13230	362838	0	0	0
13247	362848	5	4	4
13263	362858	0	0	0
13263	362868	2	1	1
13280	362878	0	0	0
13280	362888	4	4	4
13296	362898	0	0	0
13313	362908	1	1	0
13313	362918	0	0	0
13329	362928	4	4	2
13329	362938	0	0	0
13346	362948	2	1	1
13363	362958	0	0	0
13363	362968	5	4	4
13379	362978	0	0	0
13379	362988	1	1	1
13396	362998	0	0	0
13413	363008	4	3	3
13413	363018	0	0	0
13429	363028	2	2	2
13429	363038	0	0	0
13445	363048	0	0	0
13445	363058	0	0	0
13463	363068	2	2	2
13478	363078	0	0	0
13478	363088	0	0	0
13495	363098	0	0	0
13512	363108	3	2	2
13512	363118	0	0	0
13528	363128	0	1	0
13528	363138	0	0	0
13545	363148	4	4	3
13561	363158	0	0	0
13561	363168	1	0	0
13578	363179	0	0	0
13594	363189	0	0	0
13594	363199	0	0	0
13611	363209	0	0	0
13611	363219	0	0	0
13628	363229	0	0	0
13645	363239	0	0	0
13645	363249	0	0	0
13661	363259	0	0	0
13661	363269	0	0	0
13677	363279	0	0	0
13694	363289	0	0	0
13694	363299	0	0	0
13711	363309	0	0	0
13711	363319	0	0	0
13727	363329	0	0	0
13744	363339	0	0	0
13744	363350	0	0	0
13760	363360	0	0	0
13777	363370	0	0	0
13777	363380	0	0	0
13793	363390	0	0	0
13793	363400	0	0	0
13810	363410	0	0	0
13810	363420	0	0	0
13827	363430	0	0	0
13843	363440	0	0	0
13843	363450	0	0	0
13860	363460	0	0	0
13860	363470	0	0	0
13876	363480	0	0	0
13893	363490	0	0	0
13893	363500	0	0	0
13909	363510	0	0	0
13909	363520	0	0	0
13926	363530	0	0	0
13942	363540	0	0	0
13942	363550	0	0	0
13959	363560	0	0	0
13975	363570	0	0	0
13976	363580	0	0	0
13992	363590	0	0	0
13992	363600	0	0	0
14009	363610	0	0	0
14025	363620	0	0	0
14025	363630	0	0	0
14042	363640	0	1	1
14042	363650	0	0	0
14059	363660	0	0	0
14075	363670	0	0	0
14075	363680	0	0	0
14091	363691	0	0	0
14108	363701	0	0	0
14108	363711	0	0	0
14125	363721	1	1	1
14125	363731	0	0	0
14141	363741	0	0	1
14141	363751	0	0	0
14158	363761	1	1	1
14175	363771	0	0	0
14175	363781	0	0	0
14191	363791	0	0	0
14191	363801	1	1	2
14207	363811	0	0	0
14224	363821	0	0	0
14224	363831	0	0	0
14241	363841	0	0	0
14241	363851	0	0	0
14257	363862	1	1	2
14274	363872	0	0	0
14274	363882	2	2	3
14290	363892	0	0	0
14307	363902	4	4	4
14307	363912	0	0	0
14324	363922	3	3	3
14324	363932	0	0	0
14340	363942	3	3	3
14357	363952	0	0	0
14357	363962	2	3	3
14373	363972	0	0	0
14373	363982	4	5	5
14390	363992	0	0	0
14406	364002	2	2	2
14406	364012	0	0	0
14423	364022	4	4	4
14423	364032	0	0	0
14439	364042	2	2	3
14456	364052	0	0	0
14456	364062	3	4	4
14472	364072	0	0	0
14489	364082	3	3	2
14489	364092	0	0	0
14506	364102	4	3	4
14506	364112	0	0	0
14522	364122	4	4	4
14539	364132	0	0	0
14539	364142	3	3	4
14555	364152	0	0	0
14555	364162	3	3	3
14572	364172	0	0	0
14572	364182	4	4	4
14589	364192	0	0	0
14605	364203	5	5	5
14605	364213	0	0	0
14622	364223	4	5	5
14638	364233	0	0	0
14638	364243	6	6	6
14655	364253	0	0	0
14655	364263	4	4	5
14672	364273	0	0	0
14688	364283	5	6	6
14688	364293	0	0	0
14704	364303	6	6	6
14704	364313	0	0	0
14721	364323	5	5	6
14738	364333	0	0	0
14738	364343	4	4	4
14754	364353	0	0	0
14754	364363	6	6	6
14771	364374	0	0	0
14787	364384	6	6	6
14787	364394	0	0	0
14804	364404	6	6	6
14821	364414	0	0	0
14821	364424	6	6	6
14837	364434	0	0	0
14837	364444	6	6	6
14854	364454	0	0	0
14870	364464	6	7	7
14870	364474	0	0	0
14887	364484	7	7	6
14887	364494	0	0	0
14903	364504	6	6	6
14903	364514	0	0	0
14920	364524	7	6	6
14936	364534	0	0	0
14936	364544	6	5	5
14953	364554	0	0	0
14953	364564	6	6	6
14970	364574	0	0	0
14986	364584	6	6	6
14986	364594	0	0	0
15003	364604	6	6	7
15019	364614	0	0	0
15019	364624	6	6	6
15036	364634	0	0	0
15036	364644	6	6	6
15052	364654	0	0	0
15069	364664	7	7	6
15069	364674	0	0	0
15085	364684	6	6	6
15085	364694	0	0	0
15102	364704	6	6	6
15119	364715	0	0	0
15119	364725	6	6	5
15135	364735	0	0	0
15152	364745	5	5	5
15152	364755	0	0	0
15169	364765	6	6	6
15169	364775	0	0	0
15185	364785	7	7	7
15201	364795	0	0	0
15201	364805	6	6	5
15218	364815	0	0	0
15218	364825	6	6	6
15235	364835	0	0	0
15251	364845	6	5	6
15251	364855	0	0	0
15268	364865	6	5	4
15268	364875	0	0	0
15284	364886	6	5	5
15284	364896	0	0	0
15301	364906	5	5	4
15317	364916	0	0	0
15317	364926	4	5	4
15334	364936	0	0	0
15351	364946	4	4	5
15351	364956	0	0	0
15367	364966	5	5	4
15367	364976	0	0	0
15384	364986	4	5	5
15400	364996	0	0	0
15400	365006	3	3	3
15417	365016	0	0	0
15417	365026	4	4	4
15433	365036	0	0	0
15450	365046	4	3	3
15450	365056	0	0	0
15466	365066	5	5	5
15466	365076	0	0	0
15484	365086	5	6	6
15500	365096	0	0	0
15500	365106	5	4	4
15516	365116	0	0	0
15533	365126	4	4	3
15533	365136	0	0	0
15549	365146	4	4	5
15549	365156	0	0	0
15566	365166	5	4	4
15582	365176	0	0	0
15582	365186	5	5	5
15599	365196	0	0	0
15599	365206	5	5	5
15616	365216	0	0	0
15632	365227	3	2	2
15632	365237	0	0	0
15649	365247	0	0	0
15649	365257	0	0	0
15665	365267	0	0	0
15682	365277	0	0	0
15682	365287	2	1	1
15699	365297	0	0	0
15699	365307	0	0	0
15715	365317	0	0	0
15732	365327	2	1	0
15732	365337	0	0	0
15748	365347	0	0	0
15748	365357	0	0	0
15765	365367	2	2	1
15781	365377	0	0	0
15781	365387	0	0	0
15798	365398	0	0	0
15814	365408	0	0	0
15814	365418	0	0	0
15831	365428	0	0	0
15831	365438	0	0	0
15848	365448	0	0	0
15864	365458	0	0	0
15864	365468	0	0	0
15881	365478	0	0	0
15881	365488	0	0	0
15897	365498	0	0	0
15914	365508	0	0	0
15914	365518	0	0	0
15931	365528	0	0	0
15931	365538	0	0	0
15947	365548	0	0	0
15964	365558	0	0	0
15964	365568	0	0	0
15980	365578	0	0	0
15997	365588	0	0	0
15997	365598	0	0	0
16014	365608	0	0	0
16014	365618	0	0	0
16030	365628	0	0	0
16030	365638	0	0	0
16046	365648	0	0	0
16063	365658	0	0	0
16063	365668	0	0	0
16080	365678	0	0	0
16080	365688	0	0	0
16096	365698	0	0	0
16113	365708	0	0	0
16113	365718	0	0	0
16130	365728	0	0	0
16130	365739	0	0	0
16146	365749	0	0	0
16162	365759	0	0	0
16162	365769	0	0	0
16179	365779	0	0	0
16195	365789	0	0	0
16195	365799	0	0	0
16212	365809	0	0	0
16212	365819	0	0	1
16229	365829	0	0	0
16245	365839	0	0	0
16245	365849	0	0	0
16262	365859	0	1	0
16262	365869	0	0	0
16278	365879	0	0	0
16295	365889	0	0	0
16295	365899	0	0	0
16311	365910	0	0	0
16328	365920	0	0	0
16328	365930	0	0	0
16345	365940	1	2	2
16345	365950	0	0	0
16361	365960	0	0	0
16378	365970	0	0	0
16378	365980	1	1	1
16394	365990	0	0	0
16394	366000	0	0	0
16411	366010	0	0	0
16411	366020	1	1	2
16427	366030	0	0	0
16444	366040	0	0	1
16444	366050	0	0	0
16460	366060	0	0	0
16460	366070	0	0	0
16477	366080	0	0	0
16494	366090	0	0	0
16494	366100	0	0	1
16510	366110	0	0	0
16527	366120	2	2	3
16527	366130	0	0	0
16543	366140	0	0	0
16543	366150	0	0	0
16560	366160	2	3	4
16576	366170	0	0	0
16576	366180	0	1	1
16593	366190	0	0	0
16593	366200	2	2	2
16610	366210	0	0	0
16626	366220	0	1	2
16626	366230	0	0	0
16643	366240	3	3	3
16643	366251	0	0	0
16659	366261	2	2	2
16676	366271	0	0	0
16676	366281	4	4	5
16692	366291	0	0	0
16709	366301	3	2	3
16709	366311	0	0	0
16726	366321	4	4	5
16726	366331	0	0	0
16743	366341	4	4	3
16743	366351	0	0	0
16759	366361	3	4	4
16775	366371	0	0	0
16775	366381	2	2	3
16792	366391	0	0	0
16793	366401	4	4	4
16808	366411	0	0	0
16825	366422	3	4	4
16825	366432	0	0	0
16842	366442	5	6	6
16858	366452	0	0	0
16858	366462	6	6	6
16875	366472	0	0	0
16875	366482	5	5	6
16891	366492	0	0	0
16908	366502	6	7	6
16908	366512	0	0	0
16925	366522	6	6	6
16925	366532	0	0	0
16941	366542	6	6	6
16957	366552	0	0	0
16957	366562	4	4	4
16974	366572	0	0	0
16974	366582	7	7	7
16991	366592	0	0	0
17007	366602	5	5	5
17007	366612	0	0	0
17024	366622	7	7	6
17040	366632	0	0	0
17040	366642	5	5	6
17057	366652	0	0	0
17057	366662	5	6	6
